INSERT INTO community( id, version, name, date_created, last_updated ) VALUES( 500, 0, 'Bannerman', CURRENT_DATE, CURRENT_DATE );
INSERT INTO community( id, version, name, date_created, last_updated ) VALUES( 501, 0, 'Clareview Campus', CURRENT_DATE, CURRENT_DATE );
INSERT INTO community( id, version, name, date_created, last_updated ) VALUES( 502, 0, 'Fraser', CURRENT_DATE, CURRENT_DATE );
INSERT INTO community( id, version, name, date_created, last_updated ) VALUES( 503, 0, 'Hairsine', CURRENT_DATE, CURRENT_DATE );
INSERT INTO community( id, version, name, date_created, last_updated ) VALUES( 504, 0, 'Kirkness', CURRENT_DATE, CURRENT_DATE );

INSERT INTO major_asset_class( id, version, name, description, keywords, sort_order, date_created, last_updated ) VALUES ( 1, 0, 'Basic Needs', 'The essentials of living.', '', 10, CURRENT_TIMESTAMP, CURRENT_TIMESTAMP );
INSERT INTO major_asset_class( id, version, name, description, keywords, sort_order, date_created, last_updated ) VALUES ( 2, 0, 'Sense of Belonging', 'The feeling you are part of your community.', '', 20, CURRENT_TIMESTAMP, CURRENT_TIMESTAMP );
INSERT INTO major_asset_class( id, version, name, description, keywords, sort_order, date_created, last_updated ) VALUES ( 3, 0, 'Personal Well-Being', 'Mental, spiritual & physical health.', '', 30, CURRENT_TIMESTAMP, CURRENT_TIMESTAMP );
INSERT INTO major_asset_class( id, version, name, description, keywords, sort_order, date_created, last_updated ) VALUES ( 4, 0, 'Knowledge & Skills', 'Reading, writing, arithmetic, getting along with people.', '', 40, CURRENT_TIMESTAMP, CURRENT_TIMESTAMP );
INSERT INTO major_asset_class( id, version, name, description, keywords, sort_order, date_created, last_updated ) VALUES ( 5, 0, 'Financial Security', 'Having enough money to live. Able to manage your money.', '', 50, CURRENT_TIMESTAMP, CURRENT_TIMESTAMP );


INSERT INTO minor_asset_class( id, version, name, description, keywords, date_created, last_updated ) VALUES ( 11, 0, 'Safe, affordable, quality housing', 'A decent place to live.', 'home apartment house', CURRENT_TIMESTAMP, CURRENT_TIMESTAMP );
INSERT INTO minor_asset_class( id, version, name, description, keywords, date_created, last_updated ) VALUES ( 12, 0, 'Food', 'Enough to eat each day.', 'bread', CURRENT_TIMESTAMP, CURRENT_TIMESTAMP );
INSERT INTO minor_asset_class( id, version, name, description, keywords, date_created, last_updated ) VALUES ( 13, 0, 'Transportation', 'Able to get to where you need to be.', 'car bus taxi', CURRENT_TIMESTAMP, CURRENT_TIMESTAMP );
INSERT INTO minor_asset_class( id, version, name, description, keywords, date_created, last_updated ) VALUES ( 14, 0, 'Child and elder care', 'Someone to look after your children or parents.', 'kids parent grandparent', CURRENT_TIMESTAMP, CURRENT_TIMESTAMP );
INSERT INTO minor_asset_class( id, version, name, description, keywords, date_created, last_updated ) VALUES ( 15, 0, 'Safety', 'People and surroundings that keep you and your family safe.', 'police', CURRENT_TIMESTAMP, CURRENT_TIMESTAMP );
INSERT INTO minor_asset_class( id, version, name, description, keywords, date_created, last_updated ) VALUES ( 16, 0, 'Technology, tools & equipment', 'Basic things like computers, telephone, screwdrivers, wrench, ladder, access to clothes washer, etc.', '', CURRENT_TIMESTAMP, CURRENT_TIMESTAMP );

INSERT INTO minor_asset_class( id, version, name, description, keywords, date_created, last_updated ) VALUES ( 21, 0, 'Social networks', 'Groups of people you meet daily (church members, neighbours, etc).', '', CURRENT_TIMESTAMP, CURRENT_TIMESTAMP );
INSERT INTO minor_asset_class( id, version, name, description, keywords, date_created, last_updated ) VALUES ( 22, 0, 'Support from family & friends', 'You can meet & talk with family & friends when you need to.', '', CURRENT_TIMESTAMP, CURRENT_TIMESTAMP );
INSERT INTO minor_asset_class( id, version, name, description, keywords, date_created, last_updated ) VALUES ( 24, 0, 'Friendships', 'People you are close to, even though they are not in your family.', '', CURRENT_TIMESTAMP, CURRENT_TIMESTAMP );
INSERT INTO minor_asset_class( id, version, name, description, keywords, date_created, last_updated ) VALUES ( 26, 0, 'Leadership skills', 'You are comfortable when it is your turn to decide for the group.', '', CURRENT_TIMESTAMP, CURRENT_TIMESTAMP );
INSERT INTO minor_asset_class( id, version, name, description, keywords, date_created, last_updated ) VALUES ( 27, 0, 'Political literacy & action', 'You understand how government and people-power work. You are comfortable when talking about that.', '', CURRENT_TIMESTAMP, CURRENT_TIMESTAMP );
INSERT INTO minor_asset_class( id, version, name, description, keywords, date_created, last_updated ) VALUES ( 28, 0, 'Community involvement', 'You feel you are part of your neighbourhood.', 'neighbour', CURRENT_TIMESTAMP, CURRENT_TIMESTAMP );

INSERT INTO minor_asset_class( id, version, name, description, keywords, date_created, last_updated ) VALUES ( 31, 0, 'Physical health', 'You feel strong & well enough to do your daily tasks.', 'fit able', CURRENT_TIMESTAMP, CURRENT_TIMESTAMP );
INSERT INTO minor_asset_class( id, version, name, description, keywords, date_created, last_updated ) VALUES ( 32, 0, 'Mental health', 'You can think clearly about things that matter to you.', 'brain mind', CURRENT_TIMESTAMP, CURRENT_TIMESTAMP );
INSERT INTO minor_asset_class( id, version, name, description, keywords, date_created, last_updated ) VALUES ( 33, 0, 'Self-esteem', 'You feel you & your life are worthwhile and worth the effort.', 'worthy', CURRENT_TIMESTAMP, CURRENT_TIMESTAMP );
INSERT INTO minor_asset_class( id, version, name, description, keywords, date_created, last_updated ) VALUES ( 34, 0, 'Motivation', 'You have enough drive to get things done.', 'determination spunk', CURRENT_TIMESTAMP, CURRENT_TIMESTAMP );
INSERT INTO minor_asset_class( id, version, name, description, keywords, date_created, last_updated ) VALUES ( 35, 0, 'Spirituality', 'You feel connected to something bigger that yourself. You feel your life has meaning', 'God spirit', CURRENT_TIMESTAMP, CURRENT_TIMESTAMP );
INSERT INTO minor_asset_class( id, version, name, description, keywords, date_created, last_updated ) VALUES ( 36, 0, 'Independence', 'You can decide for yourself and act alone when that is important.', 'independent', CURRENT_TIMESTAMP, CURRENT_TIMESTAMP );

INSERT INTO minor_asset_class( id, version, name, description, keywords, date_created, last_updated ) VALUES ( 41, 0, 'Language & literacy', 'You are able to read & write well enough at work, home, etc.', 'form book instruction manual', CURRENT_TIMESTAMP, CURRENT_TIMESTAMP );
INSERT INTO minor_asset_class( id, version, name, description, keywords, date_created, last_updated ) VALUES ( 42, 0, 'Education', 'You have had enough schooling to get the jobs you need.', 'school college university learn', CURRENT_TIMESTAMP, CURRENT_TIMESTAMP );
INSERT INTO minor_asset_class( id, version, name, description, keywords, date_created, last_updated ) VALUES ( 43, 0, 'Employability', 'You can fit in and follow instruction at work.', 'boss management', CURRENT_TIMESTAMP, CURRENT_TIMESTAMP );
INSERT INTO minor_asset_class( id, version, name, description, keywords, date_created, last_updated ) VALUES ( 44, 0, 'Job training, retention & advancement', 'You have training and certification required to get the jobs you want.', '', CURRENT_TIMESTAMP, CURRENT_TIMESTAMP );
INSERT INTO minor_asset_class( id, version, name, description, keywords, date_created, last_updated ) VALUES ( 45, 0, 'Numeracy', 'You can work with numbers well enough at work & at home.', 'math arithmetic', CURRENT_TIMESTAMP, CURRENT_TIMESTAMP );
INSERT INTO minor_asset_class( id, version, name, description, keywords, date_created, last_updated ) VALUES ( 46, 0, 'Interpersonal', 'You communicate well with your fellow workers.', '', CURRENT_TIMESTAMP, CURRENT_TIMESTAMP );

INSERT INTO minor_asset_class( id, version, name, description, keywords, date_created, last_updated ) VALUES ( 51, 0, 'Secure employment', 'A job that you can rely on.', '', CURRENT_TIMESTAMP, CURRENT_TIMESTAMP );
INSERT INTO minor_asset_class( id, version, name, description, keywords, date_created, last_updated ) VALUES ( 52, 0, 'Savings', 'Some money in the bank.', '', CURRENT_TIMESTAMP, CURRENT_TIMESTAMP );
INSERT INTO minor_asset_class( id, version, name, description, keywords, date_created, last_updated ) VALUES ( 53, 0, 'Long-term investments', 'Stocks, bonds, mutual funds, etc.', '', CURRENT_TIMESTAMP, CURRENT_TIMESTAMP );
INSERT INTO minor_asset_class( id, version, name, description, keywords, date_created, last_updated ) VALUES ( 54, 0, 'Financial literacy', 'Knowing how money works.', 'rates interest compound', CURRENT_TIMESTAMP, CURRENT_TIMESTAMP );
INSERT INTO minor_asset_class( id, version, name, description, keywords, date_created, last_updated ) VALUES ( 55, 0, 'Income from government', 'Knowing what funds the government might give you.', '', CURRENT_TIMESTAMP, CURRENT_TIMESTAMP );
INSERT INTO minor_asset_class( id, version, name, description, keywords, date_created, last_updated ) VALUES ( 56, 0, 'Money management', 'Budgeting, saving, investing & spending your cash.', '', CURRENT_TIMESTAMP, CURRENT_TIMESTAMP );

INSERT INTO honey_node( id, version, major_asset_class_id, minor_asset_class_id, sort_order, date_created, last_updated ) VALUES ( 11, 0, 1, 11, 11, CURRENT_TIMESTAMP, CURRENT_TIMESTAMP );
INSERT INTO honey_node( id, version, major_asset_class_id, minor_asset_class_id, sort_order, date_created, last_updated ) VALUES ( 12, 0, 1, 12, 12, CURRENT_TIMESTAMP, CURRENT_TIMESTAMP );
INSERT INTO honey_node( id, version, major_asset_class_id, minor_asset_class_id, sort_order, date_created, last_updated ) VALUES ( 13, 0, 1, 13, 13, CURRENT_TIMESTAMP, CURRENT_TIMESTAMP );
INSERT INTO honey_node( id, version, major_asset_class_id, minor_asset_class_id, sort_order, date_created, last_updated ) VALUES ( 14, 0, 1, 14, 14, CURRENT_TIMESTAMP, CURRENT_TIMESTAMP );
INSERT INTO honey_node( id, version, major_asset_class_id, minor_asset_class_id, sort_order, date_created, last_updated ) VALUES ( 15, 0, 1, 15, 15, CURRENT_TIMESTAMP, CURRENT_TIMESTAMP );
INSERT INTO honey_node( id, version, major_asset_class_id, minor_asset_class_id, sort_order, date_created, last_updated ) VALUES ( 16, 0, 1, 16, 16, CURRENT_TIMESTAMP, CURRENT_TIMESTAMP );

INSERT INTO honey_node( id, version, major_asset_class_id, minor_asset_class_id, sort_order, date_created, last_updated ) VALUES ( 21, 0, 2, 21, 21, CURRENT_TIMESTAMP, CURRENT_TIMESTAMP );
INSERT INTO honey_node( id, version, major_asset_class_id, minor_asset_class_id, sort_order, date_created, last_updated ) VALUES ( 22, 0, 2, 22, 22, CURRENT_TIMESTAMP, CURRENT_TIMESTAMP );
INSERT INTO honey_node( id, version, major_asset_class_id, minor_asset_class_id, sort_order, date_created, last_updated ) VALUES ( 24, 0, 2, 24, 24, CURRENT_TIMESTAMP, CURRENT_TIMESTAMP );
INSERT INTO honey_node( id, version, major_asset_class_id, minor_asset_class_id, sort_order, date_created, last_updated ) VALUES ( 26, 0, 2, 26, 26, CURRENT_TIMESTAMP, CURRENT_TIMESTAMP );
INSERT INTO honey_node( id, version, major_asset_class_id, minor_asset_class_id, sort_order, date_created, last_updated ) VALUES ( 27, 0, 2, 27, 27, CURRENT_TIMESTAMP, CURRENT_TIMESTAMP );
INSERT INTO honey_node( id, version, major_asset_class_id, minor_asset_class_id, sort_order, date_created, last_updated ) VALUES ( 28, 0, 2, 28, 28, CURRENT_TIMESTAMP, CURRENT_TIMESTAMP );

INSERT INTO honey_node( id, version, major_asset_class_id, minor_asset_class_id, sort_order, date_created, last_updated ) VALUES ( 31, 0, 3, 31, 31, CURRENT_TIMESTAMP, CURRENT_TIMESTAMP );
INSERT INTO honey_node( id, version, major_asset_class_id, minor_asset_class_id, sort_order, date_created, last_updated ) VALUES ( 32, 0, 3, 32, 32, CURRENT_TIMESTAMP, CURRENT_TIMESTAMP );
INSERT INTO honey_node( id, version, major_asset_class_id, minor_asset_class_id, sort_order, date_created, last_updated ) VALUES ( 33, 0, 3, 33, 33, CURRENT_TIMESTAMP, CURRENT_TIMESTAMP );
INSERT INTO honey_node( id, version, major_asset_class_id, minor_asset_class_id, sort_order, date_created, last_updated ) VALUES ( 34, 0, 3, 34, 34, CURRENT_TIMESTAMP, CURRENT_TIMESTAMP );
INSERT INTO honey_node( id, version, major_asset_class_id, minor_asset_class_id, sort_order, date_created, last_updated ) VALUES ( 35, 0, 3, 35, 35, CURRENT_TIMESTAMP, CURRENT_TIMESTAMP );
INSERT INTO honey_node( id, version, major_asset_class_id, minor_asset_class_id, sort_order, date_created, last_updated ) VALUES ( 36, 0, 3, 36, 36, CURRENT_TIMESTAMP, CURRENT_TIMESTAMP );

INSERT INTO honey_node( id, version, major_asset_class_id, minor_asset_class_id, sort_order, date_created, last_updated ) VALUES ( 41, 0, 4, 41, 41, CURRENT_TIMESTAMP, CURRENT_TIMESTAMP );
INSERT INTO honey_node( id, version, major_asset_class_id, minor_asset_class_id, sort_order, date_created, last_updated ) VALUES ( 42, 0, 4, 42, 42, CURRENT_TIMESTAMP, CURRENT_TIMESTAMP );
INSERT INTO honey_node( id, version, major_asset_class_id, minor_asset_class_id, sort_order, date_created, last_updated ) VALUES ( 43, 0, 4, 43, 43, CURRENT_TIMESTAMP, CURRENT_TIMESTAMP );
INSERT INTO honey_node( id, version, major_asset_class_id, minor_asset_class_id, sort_order, date_created, last_updated ) VALUES ( 44, 0, 4, 44, 44, CURRENT_TIMESTAMP, CURRENT_TIMESTAMP );
INSERT INTO honey_node( id, version, major_asset_class_id, minor_asset_class_id, sort_order, date_created, last_updated ) VALUES ( 45, 0, 4, 45, 45, CURRENT_TIMESTAMP, CURRENT_TIMESTAMP );
INSERT INTO honey_node( id, version, major_asset_class_id, minor_asset_class_id, sort_order, date_created, last_updated ) VALUES ( 46, 0, 4, 46, 46, CURRENT_TIMESTAMP, CURRENT_TIMESTAMP );

INSERT INTO honey_node( id, version, major_asset_class_id, minor_asset_class_id, sort_order, date_created, last_updated ) VALUES ( 51, 0, 5, 51, 51, CURRENT_TIMESTAMP, CURRENT_TIMESTAMP );
INSERT INTO honey_node( id, version, major_asset_class_id, minor_asset_class_id, sort_order, date_created, last_updated ) VALUES ( 52, 0, 5, 52, 52, CURRENT_TIMESTAMP, CURRENT_TIMESTAMP );
INSERT INTO honey_node( id, version, major_asset_class_id, minor_asset_class_id, sort_order, date_created, last_updated ) VALUES ( 53, 0, 5, 53, 53, CURRENT_TIMESTAMP, CURRENT_TIMESTAMP );
INSERT INTO honey_node( id, version, major_asset_class_id, minor_asset_class_id, sort_order, date_created, last_updated ) VALUES ( 54, 0, 5, 54, 54, CURRENT_TIMESTAMP, CURRENT_TIMESTAMP );
INSERT INTO honey_node( id, version, major_asset_class_id, minor_asset_class_id, sort_order, date_created, last_updated ) VALUES ( 55, 0, 5, 55, 55, CURRENT_TIMESTAMP, CURRENT_TIMESTAMP );
INSERT INTO honey_node( id, version, major_asset_class_id, minor_asset_class_id, sort_order, date_created, last_updated ) VALUES ( 56, 0, 5, 56, 56, CURRENT_TIMESTAMP, CURRENT_TIMESTAMP );
